Agent Full Name,City,State
Michael Jones,Miami,FL
Barbara Williams,Seattle,WA
Charles Brown,Denver,CO
David Davis,Dallas,TX
James Brown,Phoenix,AZ
Elizabeth Davis,New York,NY
Thomas Gonzalez,San Francisco,CA
Richard Moore,Seattle,WA
James Martin,Denver,CO
Elizabeth Jones,Seattle,WA
Barbara Garcia,Boston,MA
Sarah Wilson,San Diego,CA
Barbara Lopez,San Francisco,CA
Joseph Taylor,Atlanta,GA
Susan Miller,Atlanta,GA
Charles Williams,New York,NY
Karen Miller,Philadelphia,PA
David Martin,Denver,CO
Charles Williams,San Francisco,CA
Patricia Anderson,Seattle,WA
John Garcia,San Francisco,CA
David Johnson,Boston,MA
Sarah Moore,Dallas,TX
Patricia Taylor,Austin,TX
Jennifer Brown,Miami,FL
John Moore,Los Angeles,CA
William Brown,Denver,CO
Barbara Brown,Dallas,TX
William Smith,Austin,TX
Elizabeth Lopez,Denver,CO
Mary Smith,New York,NY
Karen Thomas,New York,NY
Richard Davis,San Francisco,CA
James Williams,Los Angeles,CA
Patricia Davis,Los Angeles,CA
Jennifer Thomas,Houston,TX
Barbara Lopez,Miami,FL
Jennifer Davis,San Diego,CA
Mary Williams,Miami,FL
William Lopez,Denver,CO
Linda Williams,Denver,CO
Mary Jackson,Miami,FL
Jennifer Smith,Dallas,TX
Karen Hernandez,New York,NY
James Anderson,Miami,FL
Michael Miller,Chicago,IL
Mary Wilson,Los Angeles,CA
Mary Smith,San Diego,CA
Susan Thomas,Phoenix,AZ
Mary Hernandez,Miami,FL
Patricia Gonzalez,Los Angeles,CA
Joseph Williams,New York,NY
John Taylor,Los Angeles,CA
William Jackson,Boston,MA
Patricia Martinez,San Diego,CA
Joseph Gonzalez,Seattle,WA
John Johnson,San Diego,CA
Jennifer Anderson,Miami,FL
Patricia Lee,Miami,FL
Thomas Martin,Miami,FL
Linda Garcia,Dallas,TX
Jennifer Anderson,Denver,CO
Karen Martinez,Los Angeles,CA
David Lee,New York,NY
Karen Martinez,Miami,FL
Jessica Lee,San Francisco,CA
Mary Williams,Chicago,IL
Michael Lopez,San Francisco,CA
Karen Anderson,San Francisco,CA
Charles Anderson,San Diego,CA
Jennifer Brown,Los Angeles,CA
Susan Davis,Phoenix,AZ
Linda Wilson,Seattle,WA
Jessica Thomas,San Diego,CA
Sarah Lopez,Boston,MA
Barbara Brown,New York,NY
Joseph Wilson,San Francisco,CA
Elizabeth Smith,Los Angeles,CA
Robert Miller,Los Angeles,CA
Elizabeth Jackson,San Diego,CA
Mary Smith,Nashville,TN
Thomas Jackson,Atlanta,GA
John Williams,Los Angeles,CA
Jessica Miller,San Diego,CA
Charles Lopez,New York,NY
Jennifer Martin,Philadelphia,PA
Charles Miller,Austin,TX
David Thomas,Austin,TX
Jennifer Davis,Denver,CO
James Martinez,San Francisco,CA
Thomas Gonzalez,Houston,TX
Susan Jackson,San Diego,CA
David Thomas,Houston,TX
Charles Moore,Houston,TX
Jennifer Martinez,Seattle,WA
Richard Johnson,Nashville,TN
William Thomas,Los Angeles,CA
Joseph Moore,San Diego,CA
John Martin,Miami,FL
James Hernandez,Denver,CO
Elizabeth Thomas,Los Angeles,CA
Jessica Miller,Los Angeles,CA
Jessica Moore,Nashville,TN
Patricia Moore,Seattle,WA
Elizabeth Taylor,Chicago,IL
Patricia Johnson,San Diego,CA
James Brown,Denver,CO
Joseph Lopez,Houston,TX
Jessica Johnson,Chicago,IL
Sarah Garcia,New York,NY
Karen Wilson,San Diego,CA
Mary Lee,Austin,TX
Susan Garcia,Dallas,TX
Jennifer Johnson,Miami,FL
Joseph Wilson,Philadelphia,PA
Charles Taylor,Phoenix,AZ
Sarah Smith,Dallas,TX
Sarah Gonzalez,Miami,FL
Jessica Johnson,Miami,FL
Barbara Gonzalez,San Diego,CA
Richard Taylor,Seattle,WA
Thomas Jones,San Diego,CA
Susan Johnson,San Diego,CA
Karen Smith,Los Angeles,CA
Charles Jackson,Denver,CO
James Brown,Boston,MA
John Wilson,Atlanta,GA
Michael Wilson,Los Angeles,CA
Robert Anderson,Chicago,IL
Barbara Smith,Miami,FL
Patricia Martinez,Dallas,TX
Jennifer Anderson,Houston,TX
John Garcia,Houston,TX
Barbara Hernandez,Los Angeles,CA
Jessica Jones,San Francisco,CA
Susan Hernandez,Houston,TX
Susan Martinez,San Diego,CA
Patricia Lopez,Los Angeles,CA
David Lopez,Boston,MA
Elizabeth Martin,Denver,CO
Patricia Wilson,Denver,CO
Mary Smith,San Francisco,CA
John Moore,Phoenix,AZ
Richard Williams,San Francisco,CA
Jennifer Moore,New York,NY
Charles Martin,Los Angeles,CA
Michael Miller,San Francisco,CA
Susan Jones,Austin,TX
Barbara Thomas,Dallas,TX
Elizabeth Miller,Seattle,WA
Susan Taylor,Austin,TX
John Hernandez,Nashville,TN
Mary Thomas,New York,NY
Elizabeth Smith,New York,NY
Linda Moore,Denver,CO
Elizabeth Anderson,New York,NY
Patricia Jackson,Los Angeles,CA
David Jackson,Phoenix,AZ
William Davis,Denver,CO
James Moore,Los Angeles,CA
William Moore,Seattle,WA
Patricia Thomas,Atlanta,GA
Mary Anderson,Nashville,TN
Robert Anderson,Austin,TX
Joseph Davis,Denver,CO
Joseph Miller,Los Angeles,CA
Jessica Taylor,Denver,CO
Charles Hernandez,Denver,CO
Linda Moore,Miami,FL
John Smith,Austin,TX
Barbara Garcia,Philadelphia,PA
Mary Johnson,Los Angeles,CA
Jessica Hernandez,Denver,CO
Linda Johnson,San Francisco,CA
William Moore,Austin,TX
Michael Davis,Los Angeles,CA
Karen Lopez,Chicago,IL
Elizabeth Garcia,Denver,CO
Joseph Martinez,Dallas,TX
Linda Gonzalez,Phoenix,AZ
Susan Martinez,New York,NY
Charles Martin,Los Angeles,CA
Elizabeth Anderson,Dallas,TX
Elizabeth Wilson,Denver,CO
Michael Gonzalez,Phoenix,AZ
Sarah Anderson,New York,NY
Robert Martin,Denver,CO
Karen Martin,Denver,CO
Charles Smith,San Diego,CA
Jennifer Martin,New York,NY
Charles Smith,Boston,MA
Mary Martinez,Houston,TX
James Brown,Chicago,IL
Michael Hernandez,Atlanta,GA
Sarah Williams,San Diego,CA
Linda Thomas,Atlanta,GA
Richard Wilson,San Diego,CA
Robert Garcia,Dallas,TX
Susan Wilson,New York,NY
Barbara Jones,Denver,CO
Mary Lee,Denver,CO
Patricia Garcia,Los Angeles,CA
James Anderson,San Diego,CA
David Brown,Los Angeles,CA
Robert Davis,Houston,TX
James Gonzalez,San Francisco,CA
Karen Anderson,San Diego,CA
Mary Davis,Los Angeles,CA
Elizabeth Thomas,San Diego,CA
Mary Moore,Philadelphia,PA
Richard Williams,San Francisco,CA
Elizabeth Martin,Chicago,IL
Susan Miller,Denver,CO
Jennifer Williams,San Francisco,CA
Thomas Thomas,Chicago,IL
William Thomas,Austin,TX
Joseph Jackson,Philadelphia,PA
Michael Miller,Houston,TX
Elizabeth Gonzalez,San Francisco,CA
Robert Miller,San Diego,CA
Mary Moore,Chicago,IL
David Jones,Chicago,IL
David Gonzalez,San Francisco,CA
Robert Martin,Nashville,TN
Charles Johnson,Miami,FL
Elizabeth Anderson,Los Angeles,CA
Joseph Moore,Seattle,WA
Mary Martin,Miami,FL
Thomas Moore,Philadelphia,PA
Charles Thomas,Los Angeles,CA
Sarah Martinez,Denver,CO
Richard Williams,Los Angeles,CA
Joseph Williams,San Diego,CA
Jennifer Williams,New York,NY
Thomas Moore,Boston,MA
Charles Anderson,Nashville,TN
James Williams,Los Angeles,CA
David Anderson,Miami,FL
Robert Martin,Phoenix,AZ
Charles Thomas,New York,NY
Charles Anderson,New York,NY
Mary Martinez,Miami,FL
Patricia Martinez,Los Angeles,CA
Elizabeth Jackson,San Diego,CA
Jessica Thomas,New York,NY
Jennifer Lee,Austin,TX
Patricia Brown,San Diego,CA
Elizabeth Taylor,Dallas,TX
Linda Wilson,Denver,CO
Michael Martinez,Denver,CO
Thomas Jackson,New York,NY
Sarah Thomas,Seattle,WA
David Jones,San Diego,CA
Charles Brown,San Francisco,CA
Jessica Davis,Atlanta,GA
Patricia Davis,San Francisco,CA
Susan Brown,San Francisco,CA
Richard Lee,Denver,CO
Susan Hernandez,Nashville,TN
Karen Lee,Denver,CO
Karen Smith,New York,NY
James Garcia,New York,NY
Charles Gonzalez,New York,NY
Barbara Jones,Austin,TX
Sarah Anderson,Phoenix,AZ
Linda Thomas,Philadelphia,PA
Richard Thomas,San Francisco,CA
Patricia Martinez,Philadelphia,PA
William Martin,San Diego,CA
Charles Thomas,San Francisco,CA
Joseph Moore,Los Angeles,CA
Joseph Martinez,Austin,TX
Mary Brown,Nashville,TN
William Moore,San Francisco,CA
Elizabeth Lopez,Los Angeles,CA
Jessica Thomas,Nashville,TN
Jennifer Johnson,Miami,FL
Linda Hernandez,Los Angeles,CA
Robert Anderson,Miami,FL
Elizabeth Wilson,San Francisco,CA
Joseph Gonzalez,New York,NY
Jennifer Thomas,Atlanta,GA
David Martinez,New York,NY
Karen Williams,Philadelphia,PA
David Johnson,Houston,TX
Robert Gonzalez,Nashville,TN
Michael Moore,Philadelphia,PA
Thomas Jones,Boston,MA
Charles Gonzalez,Chicago,IL
Joseph Smith,Los Angeles,CA
Barbara Jones,Denver,CO
John Brown,Miami,FL
Susan Davis,New York,NY
Richard Thomas,Atlanta,GA
David Jackson,Denver,CO
Mary Jones,Los Angeles,CA
Mary Lopez,Miami,FL
Mary Williams,Los Angeles,CA
William Miller,Atlanta,GA
Jessica Brown,Phoenix,AZ
Charles Martinez,San Francisco,CA
Susan Martinez,Houston,TX
Joseph Thomas,New York,NY
Karen Moore,San Francisco,CA
Jennifer Lopez,Seattle,WA
Patricia Hernandez,Seattle,WA
Thomas Miller,San Diego,CA
Mary Johnson,Chicago,IL
Jessica Jackson,Atlanta,GA
David Jones,Boston,MA
Michael Martin,San Francisco,CA
Robert Martinez,Miami,FL
John Lee,Nashville,TN
Patricia Brown,Atlanta,GA
Charles Martin,Dallas,TX
Karen Martinez,San Diego,CA
Richard Jackson,Atlanta,GA
Charles Garcia,San Francisco,CA
Linda Hernandez,San Diego,CA
Charles Gonzalez,Atlanta,GA
William Anderson,Los Angeles,CA
Jennifer Miller,Denver,CO
Jennifer Thomas,New York,NY
Thomas Davis,Los Angeles,CA
Jennifer Lopez,Dallas,TX
Joseph Wilson,New York,NY
John Taylor,Los Angeles,CA
Sarah Thomas,San Francisco,CA
Charles Wilson,Los Angeles,CA
Karen Gonzalez,Austin,TX
David Davis,San Diego,CA
Sarah Lopez,San Diego,CA
Mary Johnson,Denver,CO
Jessica Moore,Nashville,TN
John Jackson,Miami,FL
James Thomas,Philadelphia,PA
William Smith,Dallas,TX
Jessica Miller,San Diego,CA
Thomas Brown,Philadelphia,PA
Joseph Brown,San Francisco,CA
Sarah Lee,Boston,MA
James Anderson,Miami,FL
James Jackson,Denver,CO
Charles Hernandez,San Diego,CA
Richard Jones,Denver,CO
Susan Garcia,Miami,FL
John Jones,New York,NY
Susan Garcia,New York,NY
Richard Taylor,San Diego,CA
William Moore,New York,NY
Richard Davis,Austin,TX
William Lopez,Boston,MA
William Johnson,Dallas,TX
Elizabeth Moore,Seattle,WA
Barbara Martin,Denver,CO
Richard Taylor,San Francisco,CA
Jessica Lopez,New York,NY
Joseph Brown,Miami,FL
Barbara Davis,Miami,FL
Richard Taylor,Boston,MA
Robert Moore,Miami,FL
Susan Jones,Atlanta,GA
Barbara Martinez,Phoenix,AZ
Joseph Hernandez,Miami,FL
Joseph Thomas,Philadelphia,PA
Charles Jones,Phoenix,AZ
James Anderson,Dallas,TX
Charles Anderson,Nashville,TN
Patricia Wilson,Chicago,IL
Jessica Garcia,Boston,MA
Jennifer Garcia,Seattle,WA
James Lopez,New York,NY
Charles Brown,Chicago,IL
James Johnson,San Diego,CA
Jessica Jones,Phoenix,AZ
Mary Lee,Denver,CO
Mary Martinez,Philadelphia,PA
Jessica Miller,Denver,CO
Linda Martinez,Atlanta,GA
David Miller,San Francisco,CA
Thomas Martinez,Houston,TX
Jennifer Martin,Boston,MA
Michael Miller,San Diego,CA
Elizabeth Jones,Miami,FL
Karen Taylor,New York,NY
Susan Hernandez,Boston,MA
Joseph Hernandez,New York,NY
Sarah Williams,New York,NY
Mary Wilson,Miami,FL
Joseph Martinez,Los Angeles,CA
Patricia Hernandez,Miami,FL
Barbara Smith,Miami,FL
Thomas Smith,San Francisco,CA
William Gonzalez,Philadelphia,PA
Jennifer Jackson,Miami,FL
Patricia Martinez,Phoenix,AZ
Jennifer Johnson,Boston,MA
David Davis,Atlanta,GA
Barbara Smith,Houston,TX
Linda Gonzalez,San Francisco,CA
Jennifer Garcia,New York,NY
Susan Jackson,Los Angeles,CA
Sarah Martinez,New York,NY
Thomas Johnson,Chicago,IL
Patricia Lee,Philadelphia,PA
James Wilson,San Diego,CA
David Martin,San Diego,CA
Linda Williams,Denver,CO
William Smith,Austin,TX
Richard Jones,San Diego,CA
Thomas Smith,Boston,MA
Susan Lopez,San Francisco,CA
Elizabeth Lee,San Francisco,CA
David Garcia,Denver,CO
Michael Anderson,Miami,FL
Robert Johnson,San Francisco,CA
Jennifer Wilson,Miami,FL
William Davis,Boston,MA
Joseph Martin,Miami,FL
Sarah Martin,Nashville,TN
Elizabeth Thomas,Los Angeles,CA
Sarah Moore,San Francisco,CA
Barbara Thomas,Dallas,TX
Jennifer Lopez,Chicago,IL
Mary Jones,Denver,CO
David Davis,Miami,FL
John Davis,Houston,TX
Jessica Williams,Austin,TX
Charles Brown,New York,NY
Barbara Taylor,Los Angeles,CA
Elizabeth Jones,Phoenix,AZ
Susan Wilson,Nashville,TN
Barbara Brown,Miami,FL
Elizabeth Lopez,Chicago,IL
Robert Taylor,New York,NY
Richard Lopez,New York,NY
James Moore,New York,NY
Robert Johnson,Seattle,WA
James Davis,San Diego,CA
Karen Wilson,Los Angeles,CA
Patricia Davis,New York,NY
Jennifer Gonzalez,San Diego,CA
James Wilson,Boston,MA
David Williams,Seattle,WA
Richard Garcia,San Francisco,CA
Karen Jones,San Francisco,CA
Linda Hernandez,San Diego,CA
Karen Lopez,Denver,CO
Karen Taylor,Los Angeles,CA
Charles Garcia,Seattle,WA
Jessica Garcia,Atlanta,GA
William Davis,Philadelphia,PA
David Taylor,Houston,TX
John Williams,San Francisco,CA
Susan Garcia,Los Angeles,CA
Robert Gonzalez,Austin,TX
Richard Taylor,Nashville,TN
Sarah Jones,San Francisco,CA
Charles Taylor,Denver,CO
Joseph Brown,Chicago,IL
Thomas Lee,Miami,FL
Sarah Taylor,Miami,FL
John Hernandez,Atlanta,GA
Jennifer Moore,Dallas,TX
Susan Jackson,San Francisco,CA
Patricia Thomas,San Diego,CA
John Gonzalez,San Diego,CA
Patricia Gonzalez,Denver,CO
Michael Lee,Phoenix,AZ
Jennifer Anderson,Houston,TX
Michael Wilson,Miami,FL
Linda Lopez,Philadelphia,PA
Karen Smith,San Francisco,CA
Joseph Johnson,Philadelphia,PA
Barbara Lee,Denver,CO
James Davis,Chicago,IL
William Martin,San Diego,CA
William Brown,San Francisco,CA
Robert Martinez,New York,NY
David Taylor,Denver,CO
Elizabeth Johnson,Houston,TX
Richard Martin,Miami,FL
Jennifer Taylor,San Francisco,CA
James Martinez,Phoenix,AZ
Elizabeth Moore,Houston,TX
Karen Jackson,Miami,FL
Patricia Taylor,Denver,CO
Robert Anderson,San Diego,CA
Michael Williams,New York,NY
Richard Hernandez,Nashville,TN
Elizabeth Hernandez,Miami,FL
Barbara Williams,Phoenix,AZ
Linda Smith,Phoenix,AZ
William Wilson,Nashville,TN
Jessica Moore,New York,NY
Charles Garcia,Miami,FL
Joseph Jones,Austin,TX
Joseph Miller,Nashville,TN
Charles Hernandez,San Francisco,CA
Karen Martin,San Diego,CA
